"Variable","Coefficient"
"(Intercept)",381.366071428571
"Macrophages_M2",-56.0155814674978
"naive_Bcells",49.029883235404
"NKT",-39.5997776163738
"Neurons",-34.5549463737256
"HSC",29.1499082942386
"Platelets_x_Keratinocytes",28.6735212138902
"MPP",-27.9673705010432
"Mast_cells",11.5026387269378
"Plasma_cells",7.99737419542729
"Eosinophils",0
