"Model","Train_Correlation","Train_RMSE","Train_MAE","Train_R2","Test_Correlation","Test_RMSE","Test_MAE","Test_R2","Overfitting_Score"
"Ridge_High",0.510273196233128,252.707989857707,186.759761342864,0.260378734793972,-0.434186772964938,470.551525202532,312.534564094735,0.188518153817707,0.0718605809762653
"Elastic_High",0.500747032603017,257.237372987135,188.977367714482,0.250747590660727,-0.424228612634714,450.391876133483,291.225534967956,0.179969915777974,0.0707776748827532
"SVR_High",0.779702166940164,200.480161756993,128.957048402005,0.607935469131187,-0.400180148695757,474.662109434128,328.714221928646,0.160144151410158,0.447791317721029
"Lasso_High",0.479446794849325,270.417727291076,199.314789271475,0.229869229091291,-0.293909383485545,417.075987201969,262.386397849609,0.0863827257008531,0.143486503390437
"Lasso_Medium",0.482576069607679,272.522607083172,200.577588704758,0.232879662957996,-0.277924000044815,413.721060798245,259.318514600895,0.0772417498009104,0.155637913157086
"Elastic_Medium",0.626382320035558,233.571321371605,172.263248402097,0.392354810853128,-0.150342371931365,452.60046352674,308.193124153752,0.022602828797949,0.369751982055179
"Ridge_Medium",0.636804393708769,227.621018108919,168.300380317764,0.405519835846792,-0.145163699441662,470.949847337184,325.855656329559,0.0210724996355893,0.384447336211203
"SVR_Medium",0.702488055361176,241.82120574539,159.908737908064,0.493489467925127,0.0362486195798064,402.357512782082,243.660003545069,0.00131396242144153,0.492175505503685
